{
  "n_bootstrap": 1000,
  "confidence_level": 0.95,
  "metrics": {
    "accuracy": {
      "mean": 0.70285,
      "std": 0.09939505772421484,
      "ci_lower": 0.5,
      "ci_upper": 0.9
    },
    "precision": {
      "mean": 0.7311001392235217,
      "std": 0.10110292494377301,
      "ci_lower": 0.5,
      "ci_upper": 0.9064062499999999
    },
    "recall": {
      "mean": 0.70285,
      "std": 0.09939505772421484,
      "ci_lower": 0.5,
      "ci_upper": 0.9
    },
    "f1": {
      "mean": 0.6994050121679086,
      "std": 0.10190559291377259,
      "ci_lower": 0.48795953833038236,
      "ci_upper": 0.8979687499999999
    },
    "auc": {
      "mean": 0.8460895959718386,
      "std": 0.0956915020110785,
      "ci_lower": 0.6354166666666667,
      "ci_upper": 1.0
    },
    "average_precision": {
      "mean": 0.8977509349281947,
      "std": 0.07199189728963136,
      "ci_lower": 0.7237761258349492,
      "ci_upper": 1.0
    },
    "specificity": {
      "mean": 0.5999920385170385,
      "std": 0.15704785530967247,
      "ci_lower": 0.2857142857142857,
      "ci_upper": 0.8888888888888888
    },
    "npv": {
      "mean": 0.7519006493506493,
      "std": 0.15935943871723013,
      "ci_lower": 0.42857142857142855,
      "ci_upper": 1.0
    }
  }
}