{
  "accuracy": {
    "mean": 0.8966999999999999,
    "ci_lower": 0.75,
    "ci_upper": 1.0,
    "std": 0.06718712674314924
  },
  "precision": {
    "mean": 0.9214877808506854,
    "ci_lower": 0.8392857142857142,
    "ci_upper": 1.0,
    "std": 0.04285294463128483
  },
  "recall": {
    "mean": 0.8966999999999999,
    "ci_lower": 0.75,
    "ci_upper": 1.0,
    "std": 0.06718712674314924
  },
  "f1": {
    "mean": 0.8951609760564857,
    "ci_lower": 0.7333333333333333,
    "ci_upper": 1.0,
    "std": 0.06894292624081641
  },
  "auc": {
    "mean": 0.9386192992383434,
    "ci_lower": 0.812242445054945,
    "ci_upper": 1.0,
    "std": 0.05346910548496549
  }
}