{
  "brier_score": 0.20573054344414157,
  "expected_calibration_error": 0.20967212353374065,
  "maximum_calibration_error": 0.4534180728593358,
  "fraction_of_positives": [
    0.3333333333333333,
    0.0,
    0.25,
    0.875
  ],
  "mean_predicted_value": [
    0.3536905754579376,
    0.4534180728593358,
    0.5512727448204461,
    0.6300785133841585
  ],
  "n_bins": 10
}