{
  "original_score": 0.45,
  "perm_mean": 0.46935000000000004,
  "perm_std": 0.19403112508048806,
  "p_value": 0.5844155844155844,
  "significant": false
}